,name,country,id,hem,temp,lat,lon,humidity,clouds,max_temp,wind,ideal
0,Yellowknife,CA,6185377,North,40.73,62.46,-114.35,65,40,41.0,4.7,False
1,Caravelas,BR,3466980,South,71.8,-17.71,-39.25,90,100,71.8,12.95,False
2,Norman Wells,CA,6089245,North,30.2,65.28,-126.83,80,5,30.2,2.59,False
3,Albany,US,5106841,North,41.94,42.6,-73.97,60,56,43.0,8.37,False
4,Punta Arenas,CL,3874787,South,39.96,-53.15,-70.92,93,90,41.0,3.36,False
5,Bay Roberts,CA,5895424,North,34.5,47.6,-53.26,1,100,36.0,5.99,False
6,San Carlos,VE,3628503,North,78.4,9.66,-68.58,80,100,78.4,1.57,False
7,Mataura,NZ,6201424,South,49.17,-46.19,168.86,86,99,49.17,1.77,False
8,Athani,IN,1278208,North,95.31,16.73,75.07,26,55,95.31,1.41,False
9,Pevek,RU,2122090,North,33.87,69.7,170.31,86,16,33.87,2.35,False
10,Ushuaia,AR,3833367,South,46.4,-54.8,-68.3,87,75,46.4,1.68,False
11,São Filipe,CV,3374210,North,72.88,14.9,-24.5,78,21,72.88,12.33,False
12,Cape Town,ZA,3369157,South,61.23,-33.93,18.42,87,25,64.99,1.12,False
13,Kiama,AU,2161515,South,76.71,-34.68,150.87,61,0,79.0,5.01,True
14,Cherskiy,RU,2126199,North,36.1,68.75,161.3,83,10,36.1,3.06,False
15,Port Alfred,ZA,964432,South,63.0,-33.59,26.89,93,93,63.0,7.0,False
16,New Norfolk,AU,2155415,South,58.19,-42.78,147.06,65,95,61.0,5.01,False
17,Castro,BR,3466704,South,43.23,-24.79,-50.01,93,0,43.23,4.92,False
18,Bethel,US,5282297,North,50.05,41.37,-73.41,53,20,51.8,6.93,False
19,Tuktoyaktuk,CA,6170031,North,15.8,69.45,-133.04,92,20,15.8,13.87,False
20,Jacareacanga,BR,3397763,South,72.57,-6.22,-57.75,98,58,72.57,2.19,False
21,Clyde River,CA,5924351,North,5.0,70.47,-68.59,84,20,5.0,3.13,False
22,Bredasdorp,ZA,1015776,South,57.2,-34.53,20.04,87,79,57.2,2.62,False
23,Cascais,PT,2269594,North,60.24,38.7,-9.42,85,22,61.0,11.41,False
24,Tāsgaon,IN,1254858,North,99.16,17.03,74.6,15,24,99.16,4.81,False
25,Cabo San Lucas,MX,3985710,North,77.5,22.89,-109.91,46,4,78.01,12.1,False
26,Jamestown,US,5122534,North,37.4,42.1,-79.24,69,75,37.4,3.36,False
27,Safaga,EG,358620,North,73.4,26.73,33.94,23,0,73.4,9.17,True
28,East London,ZA,1006984,South,68.0,-33.02,27.91,68,92,68.0,3.36,False
29,Cockburn Town,TC,3576994,North,81.07,21.46,-71.14,80,66,81.07,5.75,False
30,Saint-Philippe,RE,935215,South,80.17,-21.36,55.77,74,94,82.0,6.93,False
31,Khatanga,RU,2022572,North,18.66,71.97,102.5,94,0,18.66,11.32,False
32,Lorengau,PG,2092164,South,84.18,-2.02,147.27,74,37,84.18,2.35,False
33,San Cristobal,VE,3628473,North,68.14,7.77,-72.22,88,94,68.14,3.87,False
34,Longyearbyen,SJ,2729907,North,26.6,78.22,15.64,68,40,26.6,6.93,False
35,Ponta do Sol,PT,2264557,North,58.57,32.67,-17.1,72,20,62.6,2.24,False
36,Kununurra,AU,2068110,South,93.2,-15.77,128.73,18,51,93.2,11.41,False
37,Chui,UY,3443061,South,47.19,-33.7,-53.46,82,15,47.19,6.76,False
38,Durant,US,4535414,North,72.7,33.99,-96.37,64,40,73.99,8.05,False
39,Xiongzhou,CN,1788402,North,95.25,25.12,114.3,50,57,95.25,13.58,False
40,Ribeira Grande,PT,3372707,North,60.91,38.52,-28.7,69,68,60.91,23.64,False
41,Fortuna,US,5563839,North,48.07,40.6,-124.16,100,1,50.0,2.89,False
42,Souillac,MU,933995,South,80.6,-20.52,57.52,83,75,80.6,5.82,False
43,Port Elizabeth,ZA,964420,South,62.6,-33.92,25.57,93,20,62.6,20.8,False
44,Hong Kong,HK,1819729,North,86.16,22.29,114.16,66,40,89.6,13.87,False
45,Quatre Cocos,MU,1106643,South,82.36,-20.21,57.76,83,75,84.0,5.82,False
46,Nikolskoye,RU,546105,North,49.75,59.7,30.79,66,0,51.01,6.71,False
47,George Town,MY,1735106,North,90.16,5.41,100.34,70,40,91.4,3.36,False
48,Camaná,PE,3945985,South,66.33,-16.62,-72.71,79,60,66.33,4.41,False
49,Hobart,AU,2163355,South,60.96,-42.88,147.33,41,40,61.0,10.29,False
50,Rikitea,PF,4030556,South,75.69,-23.12,-134.97,72,9,75.69,12.66,False
51,Fare,PF,4034496,South,82.24,-16.7,-151.02,77,0,82.24,15.97,False
52,Vaini,TO,4032243,South,78.8,-21.2,-175.2,94,90,78.8,6.93,False
53,Severo-Kuril'sk,RU,2121385,North,35.37,50.68,156.12,85,100,35.37,14.52,False
54,Borborema,BR,3469173,South,54.03,-21.62,-49.07,90,1,54.03,9.62,False
55,Iona,US,4159805,North,63.73,26.52,-81.96,67,1,66.0,5.82,False
56,Kalmunai,LK,1242110,North,87.98,7.42,81.82,62,46,87.98,3.71,False
57,Panino,RU,512861,North,51.8,51.65,40.13,81,90,51.8,6.71,False
58,Butaritari,KI,2110227,North,83.55,3.07,172.79,77,16,83.55,10.04,False
59,Saldanha,ZA,3361934,South,53.6,-33.01,17.94,87,8,53.6,5.82,False
60,Gobabis,NA,3357247,South,46.4,-22.45,18.97,75,0,46.4,2.24,False
61,Green River,US,5826559,North,35.6,41.53,-109.47,69,1,35.6,16.11,False
62,Hambantota,LK,1244926,North,87.28,6.12,81.12,66,78,87.28,10.87,False
63,Arraial do Cabo,BR,3471451,South,69.24,-22.97,-42.03,74,75,69.24,11.43,False
64,Mercedes,AR,3430708,South,45.34,-34.65,-59.43,80,14,48.0,3.0,False
65,Bilibino,RU,2126682,North,33.28,68.05,166.44,89,0,33.28,2.17,False
66,Tilichiki,RU,2120591,North,31.17,60.47,166.1,100,94,31.17,7.7,False
67,Maumere,ID,1635815,South,84.49,-8.62,122.21,69,28,84.49,5.82,False
68,St. George's,GD,3579925,North,80.6,12.06,-61.75,83,20,80.6,16.11,False
69,Katsuura,JP,2112309,North,69.78,35.13,140.3,35,20,72.0,14.99,False
70,Fushun,CN,2037355,North,57.2,41.86,123.92,100,90,57.2,8.95,False
71,Pahrump,US,5509851,North,72.0,36.21,-115.98,13,2,72.0,1.01,False
72,Puerto Ayora,EC,3652764,South,77.0,-0.74,-90.35,94,25,77.0,1.99,False
73,Ancud,CL,3899695,South,56.14,-41.87,-73.82,100,90,57.0,10.29,False
74,Puerto Palomas,MX,3991350,North,78.8,31.77,-107.62,7,1,78.8,17.22,False
75,Skeldon,GY,3375941,North,75.87,5.88,-57.13,89,95,75.87,6.38,False
76,Isangel,VU,2136825,South,80.6,-19.55,169.27,74,75,80.6,6.93,False
77,Pakxan,LA,1655140,North,98.24,18.38,103.66,42,99,98.24,4.41,False
78,Cidreira,BR,3466165,South,54.12,-30.18,-50.21,89,7,54.12,5.61,False
79,Yumen,CN,1528998,North,62.04,40.28,97.2,21,12,62.04,22.32,False
80,Comodoro Rivadavia,AR,3860443,South,68.0,-45.87,-67.5,49,100,68.0,10.29,False
81,Katherine,AU,2068655,South,93.2,-14.47,132.27,26,40,93.2,11.41,False
82,Kaitangata,NZ,2208248,South,48.99,-46.28,169.85,74,76,48.99,1.99,False
83,Otane,NZ,2185329,South,55.99,-39.88,176.63,76,0,55.99,1.01,False
84,Eenhana,NA,3357804,South,60.8,-17.47,16.33,51,0,60.8,4.7,False
85,Alekseyevka,RU,582956,North,48.47,50.63,38.69,89,100,48.47,6.73,False
86,Pueblo Nuevo,MX,4007676,North,57.4,23.38,-105.38,80,40,57.4,2.33,False
87,Bambous Virieux,MU,1106677,South,82.2,-20.34,57.76,83,75,84.0,5.82,False
88,Portland,US,5746545,North,62.49,45.52,-122.68,25,1,64.4,10.29,False
89,Shingū,JP,1847947,North,66.2,33.73,135.98,68,75,66.2,14.99,False
90,Severnoye,RU,1492607,North,72.52,56.35,78.36,45,58,72.52,5.77,False
91,Lavrentiya,RU,4031637,North,32.25,65.58,-171.0,91,61,32.25,6.17,False
92,Leningradskiy,RU,2123814,North,27.99,69.38,178.42,92,0,27.99,4.29,False
93,Atuona,PF,4020109,South,80.87,-9.8,-139.03,75,84,80.87,19.77,False
94,Tiksi,RU,2015306,North,18.81,71.69,128.87,95,100,18.81,17.09,False
95,Bemidji,US,5017822,North,34.59,47.47,-94.88,47,1,35.6,10.29,False
96,Popova,RU,2017756,North,57.2,42.96,131.72,71,40,57.2,13.42,False
97,Laguna,US,5364271,North,69.53,38.42,-121.42,40,5,71.01,5.82,False
98,Rovinj,HR,3191518,North,57.81,45.08,13.64,59,33,62.6,3.36,False
99,Saskylakh,RU,2017155,North,9.7,71.92,114.08,93,79,9.7,8.08,False
100,Saint Paul Harbor,US,5866583,North,44.6,57.79,-152.41,81,90,44.6,21.92,False
101,Saint-François,FR,2980080,North,55.4,46.42,3.91,71,100,55.4,1.12,False
102,Maniwaki,CA,6065262,North,27.05,46.38,-75.97,90,42,27.05,3.89,False
103,Ostrovnoy,RU,556268,North,35.37,68.05,39.51,88,30,35.37,10.13,False
104,Grand Gaube,MU,934479,South,84.0,-20.01,57.66,77,99,84.0,3.0,False
105,Ambilobe,MG,1082243,South,83.8,-13.2,49.05,60,12,83.8,3.6,False
106,Ranchpar,AM,616062,North,62.6,40.03,44.37,55,20,62.6,1.12,False
107,Vysokogornyy,RU,2013216,North,61.97,50.12,139.15,40,100,61.97,13.18,False
108,Nome,US,5870133,North,51.12,64.5,-165.41,40,1,53.6,16.11,False
109,Hermanus,ZA,3366880,South,54.0,-34.42,19.23,93,43,54.0,4.0,False
110,Busselton,AU,2075265,South,59.5,-33.65,115.33,39,100,64.0,7.76,False
111,Avarua,CK,4035715,South,77.0,-21.21,-159.78,88,4,77.0,1.12,False
112,Hithadhoo,MV,1282256,South,84.96,-0.6,73.08,78,79,84.96,14.09,False
113,Plouzané,FR,2986626,North,56.01,48.38,-4.62,87,84,57.2,6.93,False
114,Yulara,AU,6355222,South,87.8,-25.24,130.99,14,40,87.8,16.11,False
115,Panjāb,AF,1131162,North,62.35,34.39,67.02,30,13,62.35,7.78,False
116,Lagoa,PT,3372964,North,60.26,39.05,-27.98,68,40,60.26,27.04,False
117,Dikson,RU,1507390,North,25.23,73.51,80.55,98,100,25.23,31.12,False
118,Katangli,RU,2122783,North,44.76,51.71,143.23,59,99,44.76,11.36,False
119,Limbang,MY,1737714,North,91.2,4.75,115.0,70,75,91.4,11.41,False
120,Daru,PG,2098329,South,82.22,-9.08,143.21,73,87,82.22,14.12,False
121,Vyazemskiy,RU,2013229,North,55.69,47.54,134.75,86,100,55.69,9.01,False
122,São Miguel dos Campos,BR,3388269,South,73.4,-9.78,-36.09,94,40,73.4,2.24,False
123,Provideniya,RU,4031574,North,37.29,64.38,-173.3,74,90,37.29,12.8,False
124,Mahébourg,MU,934322,South,80.6,-20.41,57.7,83,75,80.6,5.82,False
125,Chipinge,ZW,893549,South,59.63,-20.19,32.62,86,32,59.63,2.82,False
126,Iqaluit,CA,5983720,North,28.2,63.75,-68.51,50,75,28.4,14.99,False
127,Gladstone,AU,2165478,South,78.8,-23.85,151.25,47,28,78.8,12.75,False
128,Samarai,PG,2132606,South,80.19,-10.62,150.67,79,89,80.19,17.36,False
129,Qasigiannguit,GL,3420768,North,19.4,68.82,-51.19,73,0,19.4,2.24,False
130,Strezhevoy,RU,1490796,North,73.4,60.73,77.59,35,51,73.4,6.71,False
131,Zvoriştea,RO,662118,North,51.67,47.83,26.28,61,60,53.01,11.41,False
132,Geraldton,AU,2070998,South,71.6,-28.77,114.6,49,54,71.6,10.29,False
133,Boulder City,US,5500539,North,77.92,35.98,-114.83,8,1,80.6,21.92,False
134,Kahului,US,5847411,North,70.2,20.89,-156.47,73,40,75.2,16.11,False
135,Neyshabur,IR,122285,North,71.17,36.21,58.8,23,0,71.17,6.64,True
136,San Andrés,CO,3670218,North,82.4,12.58,-81.7,83,40,82.4,11.41,False
137,Kristianstad,SE,2699310,North,47.46,56.03,14.15,76,25,48.2,9.17,False
138,Mayo,US,4362001,North,52.43,38.89,-76.51,58,1,55.4,8.5,False
139,Mar del Plata,AR,3430863,South,47.97,-38.0,-57.56,93,60,50.0,13.87,False
140,Lebu,CL,3883457,South,56.55,-37.62,-73.65,85,100,56.55,3.22,False
141,Qaqortoq,GL,3420846,North,41.0,60.72,-46.03,75,39,41.0,4.7,False
142,Carnarvon,AU,2074865,South,75.6,-24.87,113.63,35,70,75.6,19.55,False
143,Lumeje,AO,876123,South,63.7,-11.55,20.78,61,85,63.7,7.29,False
144,Sorong,ID,1626542,South,84.72,-0.88,131.25,80,15,84.72,12.46,False
145,Lyngseidet,NO,778829,North,33.89,69.58,20.22,69,75,35.6,9.17,False
146,Kargasok,RU,1504382,North,68.9,59.06,80.86,43,65,68.9,8.93,False
147,Qaanaaq,GL,3831208,North,12.99,77.48,-69.36,93,100,12.99,4.7,False
148,Jiujiang,CN,1805179,North,86.9,29.73,115.98,69,87,86.9,6.8,False
149,Bengkulu,ID,1649150,South,86.13,-3.8,102.27,69,66,86.13,13.82,False
150,Tarrafal,CV,3374166,North,71.6,15.28,-23.77,73,20,71.6,17.22,False
151,Ilulissat,GL,3423146,North,19.4,69.22,-51.1,73,0,19.4,2.24,False
152,Río Gallegos,AR,3838859,South,44.6,-51.62,-69.22,87,20,44.6,4.7,False
153,Antsirabe,MG,1069166,South,65.57,-19.85,47.03,64,99,65.57,3.71,False
154,Caçador,BR,3468570,South,41.22,-26.78,-51.02,85,0,41.22,2.77,False
155,Roebourne,AU,2062276,South,89.1,-20.78,117.13,35,32,89.1,10.33,False
156,Hasaki,JP,2112802,North,71.4,35.73,140.83,45,20,75.0,11.41,False
157,Airai,TL,1651810,South,71.29,-8.93,125.41,77,6,71.29,3.98,False
158,Hualmay,PE,3939761,South,68.41,-11.1,-77.61,80,78,68.41,6.35,False
159,Zeya,RU,2012593,North,62.31,53.75,127.27,26,1,62.31,12.21,False
160,Nandu,CN,1800101,North,91.99,22.85,110.82,57,39,91.99,10.58,False
161,Mount Isa,AU,2065594,South,87.8,-20.73,139.5,23,40,87.8,6.93,False
162,Saint-Augustin,CA,6137462,North,34.07,51.23,-58.65,97,100,34.07,7.96,False
163,Waingapu,ID,1622318,South,85.33,-9.66,120.26,58,25,85.33,16.17,False
164,Naze,JP,1855540,North,75.2,28.37,129.48,73,75,75.2,19.46,False
165,Jackson,US,5733351,North,61.43,42.42,-122.83,30,1,69.8,2.46,False
166,Skjervøy,NO,777682,North,35.6,70.03,20.97,69,75,35.6,9.17,False
167,Olinda,BR,3393536,South,80.6,-8.01,-34.86,69,40,80.6,6.93,False
168,Rabo de Peixe,PT,3372745,North,60.8,37.8,-25.58,87,40,60.8,5.82,False
169,Ianca,RO,675840,North,53.6,45.13,27.45,50,20,53.6,13.87,False
170,Cayenne,GF,3382160,North,78.8,4.93,-52.33,88,75,78.8,5.82,False
171,Aksarka,RU,1512019,North,51.4,66.56,67.8,88,52,51.4,14.54,False
172,Vardø,NO,777019,North,36.5,70.37,31.11,74,75,37.4,16.11,False
173,Narsaq,GL,3421719,North,41.0,60.92,-46.05,75,72,41.0,4.7,False
174,Røros,NO,3141332,North,37.4,62.57,11.38,64,75,37.4,6.93,False
175,Havre-St-Pierre,CA,5972291,North,35.6,50.23,-63.6,80,90,35.6,4.7,False
176,Half Moon Bay,US,5354943,North,58.69,37.46,-122.43,63,1,62.6,3.36,False
177,Muros,ES,3115824,North,57.0,42.78,-9.06,89,56,57.0,4.21,False
178,Lüderitz,NA,3355672,South,53.6,-26.65,15.16,93,38,53.6,5.82,False
179,Nova Olímpia,BR,3456137,South,60.17,-14.8,-57.29,81,100,60.17,2.39,False
180,Axum,ET,344420,North,73.81,14.12,38.72,46,7,73.81,7.78,False
181,Solano,US,5396987,North,67.35,38.23,-121.95,37,1,72.0,11.41,False
182,Deputatsky,RU,2028164,North,25.18,69.3,139.9,99,100,25.18,15.12,False
183,Bozhou,CN,1816234,North,70.05,33.88,115.77,74,96,70.05,16.37,False
184,Dodge City,US,5445298,North,52.99,37.75,-100.02,87,75,54.0,9.17,False
185,Fort-Shevchenko,KZ,609906,North,63.41,44.51,50.26,83,58,63.41,13.38,False
186,Saint George,US,5546220,North,66.11,37.1,-113.58,9,1,69.8,12.75,False
187,Palmer,US,4946620,North,46.29,42.16,-72.33,66,90,48.2,8.05,False
188,Rosarito,MX,3988392,North,65.68,32.33,-117.03,77,1,70.0,2.44,False
189,Biryusinsk,RU,1510041,North,50.25,55.96,97.82,64,91,50.25,11.83,False
190,Kruisfontein,ZA,986717,South,59.16,-34.0,24.73,71,95,59.16,7.43,False
191,Hilo,US,5855927,North,74.64,19.73,-155.09,65,40,77.0,8.05,False
192,Port Lincoln,AU,2063036,South,62.89,-34.73,135.87,69,53,62.89,26.26,False
193,Lodja,CD,211647,South,73.24,-3.48,23.43,95,99,73.24,1.74,False
194,Tual,ID,1623197,South,83.12,-5.67,132.75,77,8,83.12,18.5,False
195,Goderich,CA,5962442,North,36.99,43.75,-81.72,74,20,37.99,17.25,False
196,Fort Nelson,CA,5955902,North,44.6,58.81,-122.7,81,40,44.6,3.36,False
197,Tanete,ID,1629965,South,87.66,-3.94,119.78,69,79,87.66,8.9,False
198,Bluff,NZ,2206939,South,50.77,-46.6,168.33,78,99,50.77,4.74,False
199,Yakima,US,5816597,North,50.68,46.47,-120.67,57,1,53.01,10.29,False
200,Beringen,BE,2802172,North,51.33,51.05,5.22,81,92,53.01,2.24,False
201,Broken Hill,AU,2173911,South,71.6,-31.95,141.43,30,0,71.6,10.29,False
202,Hobyo,SO,57000,North,86.5,5.35,48.53,62,0,86.5,4.07,False
203,Manggar,ID,1636426,South,86.02,-2.88,108.27,68,93,86.02,8.32,False
204,Seoul,KR,1835848,North,79.99,37.57,126.98,14,98,80.6,4.7,False
205,Vallenar,CL,3868633,South,56.55,-28.57,-70.76,69,0,56.55,0.94,False
206,Waddān,LY,2209055,North,67.41,29.16,16.14,62,3,67.41,8.28,False
207,Sørland,NO,3137469,North,33.8,67.67,12.69,80,40,33.8,2.24,False
208,Faya,SA,110690,North,71.6,18.39,42.45,56,29,71.6,5.53,False
209,Shōranūr,IN,1256432,North,93.69,10.77,76.28,57,100,93.69,3.51,False
210,Riyadh,SA,108410,North,80.6,24.69,46.72,30,40,80.6,3.36,False
211,Bonfim,BR,3405215,North,74.68,3.08,-59.95,92,100,74.68,1.59,False
212,Broome,US,5110365,North,35.1,42.25,-75.83,80,90,36.0,5.82,False
213,Kumul,CN,1529484,North,69.71,42.8,93.45,18,0,69.71,10.29,False
214,Upernavik,GL,3418910,North,15.35,72.79,-56.15,92,18,15.35,6.29,False
215,Sabha,LY,2212775,North,74.35,27.04,14.43,28,0,74.35,16.22,False
216,Kiunga,PG,2093846,South,83.44,-6.12,141.29,71,82,83.44,5.17,False
217,Norsup,VU,2135517,South,80.6,-16.07,167.38,65,20,80.6,8.05,False
218,Port Macquarie,AU,2152659,South,72.05,-31.43,152.92,51,0,75.0,3.0,True
219,Riachão das Neves,BR,3451478,South,70.2,-11.75,-44.91,86,78,70.2,3.4,False
220,Tasiilaq,GL,3424607,North,26.6,65.61,-37.64,73,0,26.6,1.12,False
221,Rocha,UY,3440777,South,45.12,-34.48,-54.33,87,0,45.12,5.97,False
222,Te Anau,NZ,2181625,South,51.37,-45.42,167.72,82,89,51.37,4.36,False
223,Merauke,ID,2082539,South,82.33,-8.47,140.33,77,100,82.33,16.17,False
224,Alice,US,4670234,North,78.28,27.75,-98.07,78,20,78.8,18.34,False
225,Murygino,RU,524243,North,58.28,58.74,49.46,92,100,58.28,7.99,False
226,Manche,FR,2996268,North,53.01,49.0,-1.17,38,99,53.01,1.99,False
227,Zhenlai,CN,2033128,North,72.18,45.85,123.3,20,100,72.18,7.27,False
228,Barranca,PE,3946820,South,67.03,-10.75,-77.77,84,95,67.03,5.39,False
229,Lamar,US,4705086,North,70.9,33.67,-95.58,60,1,71.6,14.99,False
230,Karratha,AU,6620339,South,88.86,-20.74,116.85,37,35,88.86,11.01,False
231,Kupang,ID,2057087,South,93.2,-10.17,123.58,32,20,93.2,13.87,False
232,Karpathos,GR,260895,North,66.2,35.51,27.21,63,20,66.2,28.86,False
233,Champerico,GT,3598787,North,84.51,14.3,-91.92,71,74,84.51,3.58,False
234,Barrow,US,5880054,North,14.0,71.29,-156.79,85,90,14.0,13.87,False
235,Santa Cruz de la Sierra,BO,3904906,South,57.2,-17.8,-63.17,71,58,57.2,9.17,False
236,Usinsk,RU,863061,North,53.8,65.99,57.53,86,97,53.8,14.7,False
237,Pirapora,BR,3453546,South,66.79,-17.34,-44.94,90,93,66.79,2.53,False
238,Mossamedes,AO,3347019,South,79.38,-15.2,12.15,50,0,79.38,3.94,True
239,Goma,CD,216281,South,66.2,-1.68,29.22,93,75,66.2,4.7,False
240,Kapaa,US,5848280,North,72.59,22.08,-159.32,73,75,73.4,18.34,False
241,Royan,FR,2982343,North,61.92,45.63,-1.03,77,99,62.6,3.36,False
242,Zhoucheng,CN,1920772,North,60.3,35.91,116.31,90,100,60.3,12.33,False
243,Diamantino,BR,3464724,South,61.38,-14.41,-56.45,78,99,61.38,4.09,False
244,Itambé,BR,3460813,South,70.12,-15.24,-40.62,93,76,70.12,3.65,False
245,La Asuncion,VE,3480908,North,77.7,11.03,-63.86,85,70,77.7,14.99,False
246,Vestmannaeyjar,IS,3412093,North,41.79,63.44,-20.27,67,33,41.79,6.4,False
247,Nanortalik,GL,3421765,North,37.94,60.14,-45.24,84,71,37.94,3.36,False
248,Sheltozero,RU,494970,North,44.4,61.37,35.37,61,58,44.4,4.38,False
249,Safi,MA,2537881,North,63.54,32.3,-9.24,80,48,63.54,6.2,False
250,San Patricio,MX,3985168,North,73.92,19.22,-104.7,78,0,73.92,3.18,True
251,Ketchikan,US,5554428,North,47.1,55.34,-131.65,75,1,48.2,3.36,False
252,Husavik,IS,2629833,North,32.0,66.04,-17.34,91,90,32.0,18.34,False
253,Port-Cartier,CA,6111696,North,32.14,50.03,-66.87,80,75,34.0,5.82,False
254,Gushikawa,JP,1863495,North,75.13,26.35,127.87,83,90,75.2,17.22,False
255,Vaiano,IT,6541787,North,56.95,43.95,11.12,71,16,60.01,1.12,False
256,Okhotsk,RU,2122605,North,38.28,59.38,143.3,71,55,38.28,8.01,False
257,Grindavik,IS,3416888,North,33.8,63.84,-22.43,74,22,33.8,20.8,False
258,Aswān,EG,359792,North,78.8,24.09,32.91,14,63,78.8,5.82,False
259,Verkhoyansk,RU,2013465,North,30.29,67.54,133.38,96,100,30.29,11.03,False
260,Galesong,ID,1644605,South,91.4,-5.32,119.37,66,20,91.4,10.29,False
261,Thompson,CA,6165406,North,26.6,55.74,-97.86,73,75,26.6,9.17,False
262,Taldan,RU,2015646,North,59.59,53.67,124.8,28,1,59.59,10.51,False
263,Shestakovo,RU,2016733,North,49.86,56.49,103.96,52,100,49.86,8.19,False
264,Batagay-Alyta,RU,2027042,North,18.81,67.8,130.41,96,100,18.81,17.52,False
265,Almaznyy,RU,582447,North,59.0,48.04,40.05,72,40,59.0,11.18,False
266,Richards Bay,ZA,962367,South,67.14,-28.78,32.04,78,0,67.14,7.38,False
267,Necochea,AR,3430443,South,46.99,-38.55,-58.74,84,73,46.99,4.0,False
268,Sirte,LY,2210554,North,66.22,31.21,16.59,65,0,66.22,14.05,False
269,Mocuba,MZ,1024312,South,70.5,-16.84,36.99,89,87,70.5,6.13,False
270,Tegul'det,RU,1489822,North,56.95,57.31,88.17,40,71,56.95,3.2,False
271,Port Hardy,CA,6111862,North,48.2,50.7,-127.42,76,75,48.2,4.7,False
272,Talnakh,RU,1490256,North,35.6,69.49,88.4,80,75,35.6,29.08,False
273,Phan Thiet,VN,1571058,North,92.23,10.93,108.1,54,95,92.23,11.99,False
274,Kloulklubed,PW,7671223,North,82.4,7.04,134.26,83,90,82.4,16.11,False
275,Chokurdakh,RU,2126123,North,27.43,70.63,147.92,96,30,27.43,8.79,False
276,Ballina,AU,2177069,South,74.07,-28.87,153.57,64,1,75.2,12.75,False
277,Nabire,ID,1634614,South,88.07,-3.37,135.48,66,12,88.07,5.7,False
278,Arlit,NE,2447513,North,81.82,18.74,7.39,13,0,81.82,7.16,False
279,Ozinki,RU,513329,North,69.19,51.18,49.68,49,57,69.19,13.27,False
280,Norwich,GB,2641181,North,52.29,52.63,1.3,81,99,53.01,4.7,False
281,Tamale,GH,2294877,North,81.45,9.4,-0.84,71,47,81.45,6.2,False
282,Pijijiapan,MX,3521476,North,80.73,15.7,-93.23,70,57,80.73,4.97,False
283,Meulaboh,ID,1214488,North,77.88,4.14,96.13,93,100,77.88,10.47,False
284,Altay,CN,1529651,North,63.54,47.87,88.12,28,0,63.54,4.61,False
285,Santiago del Estero,AR,3835869,South,51.37,-27.8,-64.26,59,0,51.37,7.74,False
286,Jalu,LY,86049,North,73.09,29.03,21.55,47,0,73.09,16.62,False
287,Shar,KZ,1519275,North,72.99,49.59,81.05,32,0,72.99,15.26,False
288,Itoman,JP,1861280,North,75.85,26.12,127.67,78,75,77.0,16.11,False
289,High Level,CA,5975004,North,44.6,58.52,-117.14,65,40,44.6,5.82,False
290,Xichang,CN,1789647,North,85.24,27.9,102.26,23,0,85.24,10.8,False
291,Severnyy,RU,496358,North,48.2,50.68,36.55,93,75,48.2,4.47,False
292,Ratnagiri,IN,1258338,North,88.9,16.98,73.3,55,54,88.9,8.57,False
293,Guerrero Negro,MX,4021858,North,69.35,27.98,-114.06,57,17,69.35,10.76,False
294,Esim,GH,2303611,North,80.26,4.87,-2.24,85,6,80.26,5.68,False
295,Gombong,ID,1643920,South,87.62,-7.61,109.51,69,79,87.62,9.37,False
296,Setúbal,PT,2262963,North,58.75,38.52,-8.89,93,20,60.01,2.24,False
297,Acaraú,BR,3408368,South,76.35,-2.89,-40.12,89,0,76.35,6.87,True
298,Kavaratti,IN,1267390,North,82.4,10.57,72.64,83,75,82.4,25.28,False
299,Muscle Shoals,US,4078964,North,55.09,34.74,-87.67,71,90,57.2,5.77,False
300,Burnie,AU,2173125,South,53.96,-41.07,145.92,91,62,55.0,8.99,False
301,Magadan,RU,2123628,North,37.08,59.57,150.8,78,23,37.08,5.82,False
302,Nuuk,GL,3421319,North,37.4,64.18,-51.72,74,93,37.4,2.24,False
303,Lobito,AO,3347939,South,78.93,-12.35,13.55,63,0,78.93,4.23,True
304,Teknāf,BD,1185095,North,90.77,20.86,92.31,50,0,90.77,13.69,False
305,Nieuw Nickerie,SR,3383427,North,78.55,5.95,-56.98,82,90,78.55,12.41,False
306,Northam,GB,2641434,North,50.32,51.03,-4.22,95,100,52.0,1.99,False
307,Hofn,IS,2630299,North,36.03,64.25,-15.21,76,22,36.03,17.67,False
308,Charter Township of Clinton,US,4989133,North,37.45,42.59,-82.92,80,1,39.99,8.05,False
309,Great Yarmouth,GB,2647984,North,53.91,52.61,1.73,81,98,57.99,4.7,False
310,Pundaguitan,PH,1698289,North,84.45,6.37,126.17,72,61,84.45,4.07,False
311,Soyo,AO,2236967,South,80.6,-6.13,12.37,94,75,80.6,2.24,False
312,Constitución,CL,3893726,South,60.17,-35.33,-72.42,45,100,60.17,5.73,False
313,Malacca,MY,1734759,North,89.31,2.2,102.24,62,20,89.6,5.82,False
314,Port-Gentil,GA,2396518,South,80.6,-0.72,8.78,94,40,80.6,2.24,False
315,Mezen',RU,527321,North,41.31,65.85,44.24,82,87,41.31,4.43,False
316,Vila Franca do Campo,PT,3372472,North,60.8,37.72,-25.43,87,40,60.8,5.82,False
317,Mezhevoy,RU,527263,North,68.85,55.17,58.78,30,11,68.85,10.63,False
318,Zyryanka,RU,2119283,North,36.5,65.75,150.85,88,10,36.5,9.17,False
319,Paamiut,GL,3421193,North,36.68,61.99,-49.67,82,84,36.68,1.21,False
320,Diamond Bar,US,5342992,North,69.35,34.03,-117.81,46,89,73.4,6.93,False
321,Union City,US,5404554,North,62.37,37.6,-122.02,72,1,66.99,3.36,False
322,Flinders,AU,6255012,South,76.42,-34.58,150.86,51,0,79.0,4.0,True
323,Kitgum,UG,230893,North,74.03,3.28,32.89,81,14,74.03,3.4,False
324,Westport,US,4845585,North,52.7,41.14,-73.36,59,83,55.0,12.84,False
325,Salzwedel,DE,2842112,North,50.0,52.85,11.15,72,100,50.0,2.1,False
326,Abnūb,EG,362973,North,66.2,27.27,31.15,45,0,66.2,6.93,False
327,Torbay,CA,6167817,North,33.13,47.67,-52.73,99,90,34.0,19.46,False
328,Labuhan,ID,8079926,South,87.87,-6.88,112.21,67,18,87.87,6.04,False
329,Ordynskoye,RU,1496100,North,65.14,54.37,81.9,42,54,65.14,5.95,False
330,Wasilla,US,5877641,North,49.84,61.58,-149.44,40,40,51.8,8.05,False
331,Leh,IN,1264976,North,42.62,34.17,77.58,50,1,42.62,2.01,False
332,Brigantine,US,4500920,North,55.0,39.41,-74.36,50,40,57.2,12.75,False
333,Kamenka,RU,553766,North,61.5,51.32,42.77,83,100,62.01,5.99,False
334,Malanje,AO,2239862,South,61.5,-9.54,16.34,80,62,61.5,4.88,False
335,Mahon,ES,2514301,North,64.4,39.89,4.27,82,100,64.4,12.75,False
336,Natal,BR,3394023,South,73.4,-5.79,-35.21,94,20,73.4,4.7,False
337,Tinogboc,PH,1681798,North,84.7,12.01,121.41,80,98,84.7,16.44,False
338,Manokwari,ID,1636308,South,85.05,-0.87,134.08,74,65,85.05,6.24,False
339,Humaitá,BR,3664078,South,71.47,-7.51,-63.02,87,98,71.47,5.37,False
340,Kavieng,PG,2094342,South,85.08,-2.57,150.8,69,3,85.08,9.51,False
341,Tyul'gan,RU,479871,North,66.97,52.34,56.17,37,0,66.97,16.2,False
342,Belmonte,BR,3470137,South,71.6,-15.86,-38.88,94,90,71.6,6.93,False
343,Lowestoft,GB,2643490,North,54.64,52.48,1.75,83,96,57.99,5.21,False
344,Esperance,AU,2071860,South,59.0,-33.87,121.9,67,75,59.0,19.46,False
345,Leninsk,RU,536156,North,59.0,48.71,45.2,87,75,59.0,8.95,False
346,Tenerife,CO,3792392,North,79.14,9.9,-74.86,86,100,79.14,3.96,False
347,Zhuhai,CN,1790437,North,88.63,22.28,113.57,79,40,89.6,14.99,False
348,Baní,DO,3512067,North,82.0,18.28,-70.33,97,13,82.0,4.59,False
349,Balikpapan,ID,1650527,South,87.13,-1.27,116.83,69,47,87.13,6.2,False
350,Tiarei,PF,4033356,South,81.14,-17.53,-149.33,74,4,82.4,3.36,False
351,Makakilo City,US,5850554,North,72.05,21.35,-158.09,88,20,75.2,8.05,False
352,Coruripe,BR,3465329,South,76.44,-10.13,-36.18,88,90,76.44,4.61,False
353,Coyhaique,CL,3894426,South,53.6,-45.58,-72.07,100,20,53.6,5.82,False
354,Greenville,US,4469160,North,48.74,35.61,-77.37,61,1,50.0,7.05,False
355,Vila,PT,7117100,North,54.0,42.03,-8.16,93,24,54.0,1.01,False
356,Kostomuksha,RU,543899,North,37.72,64.57,30.58,78,5,37.72,8.08,False
357,Matagami,CA,6067747,North,17.6,49.75,-77.63,78,90,17.6,13.87,False
358,Codrington,AU,2171099,South,59.74,-38.27,141.97,70,56,59.74,11.45,False
359,Tūkrah,LY,88834,North,64.78,32.53,20.58,67,24,64.78,18.39,False
360,Watertown,US,4954611,North,50.99,42.37,-71.18,40,90,53.6,13.87,False
361,Faanui,PF,4034551,South,81.5,-16.48,-151.75,79,0,81.5,16.04,False
362,Alofi,NU,4036284,South,78.8,-19.06,-169.92,88,91,78.8,6.93,False
363,Yakeshi,CN,2033536,North,61.88,49.28,120.73,29,0,61.88,13.18,False
364,Lázaro Cárdenas,MX,4026082,North,75.04,17.96,-102.2,77,0,75.04,2.53,True
365,Ha Giang,VN,1581349,North,97.48,22.83,104.98,50,50,97.48,5.66,False
366,Khangarh,PK,1174211,North,89.6,29.92,71.16,38,4,89.6,4.7,False
367,Gävle,SE,2712414,North,46.2,60.67,17.14,60,60,46.2,5.79,False
368,Khani,GE,610864,North,59.0,41.96,42.96,87,90,59.0,2.24,False
369,Launceston,AU,2160517,South,55.47,-41.45,147.17,76,90,55.99,19.46,False
370,Yankton,US,5233053,North,41.95,42.87,-97.4,70,1,42.8,12.75,False
371,Kondinskoye,RU,1502697,North,74.25,59.65,67.41,37,82,74.25,13.44,False
372,Grootfontein,NA,3357114,South,55.09,-19.57,18.12,45,0,55.09,5.06,False
373,Magán,ES,6361748,North,60.24,39.97,-3.93,76,20,62.6,6.93,False
374,Mineros,BO,3910343,South,57.2,-17.12,-63.23,71,0,57.2,9.17,False
375,Lompoc,US,5367788,North,56.03,34.64,-120.46,82,1,57.0,6.93,False
376,Wamba,NG,2319257,North,74.68,8.93,8.6,88,62,74.68,5.48,False
377,Dubti,ET,338554,North,89.6,11.74,41.09,50,2,89.6,11.72,False
378,Sompeta,IN,1255816,North,96.64,18.93,84.6,37,1,96.64,11.99,False
379,Chazuta,PE,3698414,South,71.76,-6.57,-76.14,89,100,71.76,2.15,False
380,Acapulco de Juárez,MX,3533462,North,80.6,16.86,-99.89,74,5,80.6,5.82,False
381,Assiut,EG,359783,North,66.2,27.18,31.18,45,0,66.2,6.93,False
382,Shikarpur,PK,1165108,North,95.0,27.96,68.64,34,0,95.0,11.41,False
383,Klaksvík,FO,2618795,North,42.8,62.23,-6.59,93,100,42.8,5.82,False
384,Zhigansk,RU,2012530,North,25.39,66.77,123.37,95,100,25.39,28.54,False
385,College,US,5859699,North,60.57,64.86,-147.8,29,75,64.4,9.17,False
386,Thunder Bay,CA,6166142,North,24.89,48.4,-89.32,68,75,25.0,13.87,False
387,Phitsanulok,TH,1607707,North,99.0,16.92,100.5,44,87,99.0,6.67,False
388,Rawson,AR,3839307,South,63.5,-43.3,-65.1,46,100,63.5,10.04,False
389,Yerbogachën,RU,2012956,North,41.43,61.28,108.01,57,16,41.43,8.48,False
390,Dingle,PH,1714733,North,94.42,11.0,122.67,47,91,94.42,9.57,False
391,Bahir Dar,ET,342884,North,70.97,11.59,37.39,63,89,70.97,4.21,False
392,Mudanya,TR,741487,North,52.41,40.38,28.88,93,40,57.2,1.12,False
393,Sabang,ID,1214026,North,80.44,5.89,95.32,88,100,80.44,22.03,False
394,Praia,CV,3374333,North,71.6,14.92,-23.51,73,20,71.6,17.22,False
395,Verkhnevilyuysk,RU,2013639,North,34.18,63.45,120.32,76,100,34.18,12.57,False
396,Tomohon,ID,1623446,North,84.2,1.33,124.84,83,40,84.2,4.7,False
397,Foligno,IT,3176854,North,52.52,42.94,12.7,61,1,54.0,1.48,False
398,Telêmaco Borba,BR,3446652,South,46.47,-24.32,-50.62,95,0,46.47,1.77,False
399,Sanica,BA,3191302,North,55.4,44.61,16.64,71,5,55.4,3.36,False
400,Cap Malheureux,MU,934649,South,84.0,-19.98,57.61,77,100,84.0,3.0,False
401,Ulladulla,AU,2145554,South,74.89,-35.35,150.47,29,0,79.0,13.87,False
402,Udachny,RU,2014624,North,24.8,66.42,112.4,53,90,24.8,8.95,False
403,Queanbeyan,AU,2152286,South,65.98,-35.35,149.23,55,7,66.99,18.34,False
404,Tupik,RU,2014836,North,56.05,54.43,119.93,37,61,56.05,9.42,False
405,Beringovskiy,RU,2126710,North,32.23,63.05,179.32,98,100,32.23,11.74,False
406,Stara Syniava,UA,692866,North,48.13,49.6,27.62,64,47,48.13,12.62,False
407,Kharp,RU,1503726,North,43.43,66.8,65.81,95,100,43.43,7.63,False
408,Andros Town,BS,3572906,North,75.2,24.7,-77.77,57,40,75.2,9.17,False
409,Havelock,US,4470244,North,49.17,34.88,-76.9,81,1,54.0,5.79,False
410,Sitka,US,5557293,North,55.4,57.05,-135.33,62,90,55.4,9.17,False
411,Oistins,BB,3373652,North,80.6,13.07,-59.53,78,40,80.6,19.46,False
412,Yar-Sale,RU,1486321,North,41.47,66.83,70.83,99,97,41.47,15.01,False
413,Morro Bay,US,5374920,North,65.73,35.37,-120.85,85,1,68.0,1.01,False
414,Blythe,US,5329649,North,84.88,33.61,-114.6,9,1,89.6,10.29,False
415,Padang,ID,1633419,South,82.06,-0.95,100.35,80,100,82.06,5.64,False
416,Fajardo,PR,4564946,North,77.04,18.33,-65.65,83,90,78.8,4.7,False
417,Toora-Khem,RU,1489401,North,48.33,52.47,96.11,48,40,48.33,10.94,False
418,Treinta y Tres,UY,3439781,South,44.47,-33.23,-54.38,89,7,44.47,6.13,False
419,Darłowo,PL,3100637,North,51.01,54.42,16.41,81,56,51.01,13.38,False
420,Shelburne,CA,6145890,North,30.4,44.08,-80.2,74,1,30.99,4.7,False
421,Matara,LK,1235846,North,88.05,5.95,80.54,64,98,88.05,7.36,False
422,Sydney,AU,2147714,South,76.48,-33.87,151.21,30,0,80.6,9.17,False
423,Ubari,LY,2219235,North,81.86,26.59,12.78,14,0,81.86,7.52,False
424,Salalah,OM,286621,North,86.0,17.02,54.09,74,20,86.0,2.24,False
425,Portel,BR,3391412,South,74.28,-1.94,-50.82,96,100,74.28,2.93,False
426,Harper,LR,2276492,North,79.45,4.38,-7.72,85,100,79.45,5.35,False
427,Anadyr,RU,2127202,North,32.0,64.75,177.48,94,40,32.0,11.18,False
428,Baculin,PH,1729469,North,87.08,7.45,126.58,70,35,87.08,8.88,False
429,Campbell River,CA,5914132,North,51.8,50.02,-125.24,62,75,51.8,3.15,False
430,Havøysund,NO,779622,North,33.78,71.0,24.66,81,90,35.6,24.16,False
431,Beruwala,LK,1249931,North,85.95,6.48,79.98,69,74,85.95,5.26,False
432,Aleksandrov Gay,RU,583345,North,73.85,50.15,48.57,49,99,73.85,9.48,False
433,The Valley,AI,3573374,North,79.86,18.22,-63.06,78,40,80.6,12.75,False
434,San Pedro de Ycuamandiyú,PY,3437021,South,45.81,-24.09,-57.08,70,0,45.81,3.47,False
435,Adrar,MR,2381972,North,85.26,20.5,-10.07,16,88,85.26,8.43,False
436,Sisimiut,GL,3419842,North,31.95,66.94,-53.67,82,0,31.95,9.93,False
437,Namatanai,PG,2090021,South,84.72,-3.67,152.43,68,56,84.72,6.73,False
438,Avera,US,4231997,North,47.21,33.19,-82.53,93,1,48.2,3.24,False
439,Antalaha,MG,1071296,South,80.69,-14.9,50.28,71,4,80.69,5.41,False
440,Maceió,BR,3395981,South,73.4,-9.67,-35.74,94,40,73.4,2.24,False
441,Carman,CA,5917275,North,29.25,49.5,-98.0,92,1,30.0,8.05,False
442,Touros,BR,3386213,South,73.4,-5.2,-35.46,94,20,73.4,4.7,False
443,Odienné,CI,2283016,North,74.26,9.51,-7.57,82,55,74.26,3.53,False
444,Ulaangom,MN,1515029,North,59.77,49.98,92.07,30,58,59.77,20.13,False
445,Prosperous,IE,2961994,North,49.33,53.29,-6.75,87,75,51.01,9.17,False
446,Pisco,PE,3932145,South,67.57,-13.7,-76.22,77,100,68.0,5.82,False
447,Pringsewu,ID,1630639,South,91.35,-5.36,104.97,53,93,91.35,2.15,False
448,Tura,IN,1254046,North,92.86,25.52,90.22,30,1,92.86,6.26,False
449,Fonte Boa,BR,6319315,South,73.94,-2.5,-66.27,97,85,73.94,2.82,False
450,Jaguarari,BR,3460225,South,67.03,-10.26,-40.2,97,85,67.03,4.68,False
451,Pierre,US,5767918,North,38.3,44.37,-100.35,76,1,39.0,11.41,False
452,Panji,ID,1632566,South,90.05,-7.73,114.1,59,13,90.05,8.99,False
453,Kasulu,TZ,158214,South,69.8,-4.58,30.1,94,20,69.8,8.97,False
454,Thinadhoo,MV,1337610,North,84.9,0.53,72.93,78,85,84.9,15.3,False
455,Pitimbu,BR,3391889,South,73.4,-7.47,-34.81,94,20,73.4,3.36,False
456,Ust-Maya,RU,2013918,North,44.87,60.42,134.53,70,100,44.87,5.86,False
457,Verkh-Chebula,RU,1487599,North,54.79,56.03,87.62,46,31,54.79,3.33,False
458,Ust-Nera,RU,2120048,North,36.0,64.57,143.2,82,88,36.0,5.32,False
459,Rockingham,US,5091860,North,49.96,42.97,-71.1,50,86,52.0,1.01,False
460,Casa Nova,BR,3402621,South,76.12,-9.42,-41.13,74,89,76.12,7.92,False
461,Alihe,CN,2038665,North,66.87,50.57,123.72,24,0,66.87,9.35,False
462,Port Shepstone,ZA,964406,South,65.46,-30.74,30.45,66,100,65.46,5.84,False
463,Rimbey,CA,6122374,North,44.31,52.63,-114.24,89,100,44.31,14.79,False
464,Imbituba,BR,3461370,South,57.2,-28.24,-48.67,87,90,57.2,1.12,False
465,Bilma,NE,2446796,North,82.38,18.69,12.92,12,0,82.38,9.04,False
466,Prieska,ZA,964090,South,60.73,-29.66,22.75,31,100,60.73,1.68,False
467,Pithāpuram,IN,1259508,North,93.2,17.12,82.27,59,40,93.2,6.93,False
468,Vao,NC,2137773,South,73.04,-22.67,167.48,79,72,73.04,29.21,False
469,Malakal,SS,370737,North,86.27,9.53,31.66,51,79,86.27,4.99,False
470,Datong,CN,2037799,North,70.92,40.09,113.29,37,100,70.92,8.93,False
471,Wanning,CN,1791779,North,88.18,18.8,110.4,68,45,88.18,16.46,False
472,Auki,SB,2109701,South,82.81,-8.77,160.7,80,75,82.81,4.36,False
473,Biggar,GB,2655692,North,52.32,55.62,-3.52,76,52,54.0,5.32,False
474,Los Llanos de Aridane,ES,2514651,North,64.4,28.66,-17.92,68,20,64.4,8.05,False
475,Coahuayana Viejo,MX,4013679,North,74.5,18.73,-103.68,63,0,74.5,2.48,True
476,Ouahigouya,BF,2357043,North,83.68,13.58,-2.42,42,79,83.68,6.82,False
477,Presidencia Roque Sáenz Peña,AR,3840300,South,44.73,-26.79,-60.44,75,0,44.73,4.0,False
478,Canutama,BR,3664716,South,72.64,-6.53,-64.38,92,99,72.64,5.26,False
479,Nuevo Progreso,MX,3522526,North,72.52,23.17,-97.95,78,10,73.99,6.78,False
480,Tocopilla,CL,3869716,South,63.93,-22.09,-70.2,62,5,63.93,2.84,False
481,Haines Junction,CA,5969025,North,42.6,60.75,-137.51,64,100,42.6,3.24,False
482,Viedma,AR,3832899,South,56.75,-40.81,-63.0,48,47,56.75,13.4,False
483,Camacha,PT,2270385,North,59.0,33.08,-16.33,87,20,59.0,2.24,False
484,Dunga Bunga,PK,1179463,North,102.31,29.75,73.24,14,12,102.31,8.14,False
485,Flin Flon,CA,5954718,North,31.1,54.77,-101.86,93,77,31.1,8.75,False
486,Saint Anthony,US,5044290,North,43.5,45.02,-93.22,30,1,45.0,13.87,False
487,Margate,GB,2643044,North,55.38,51.38,1.39,56,85,55.99,1.77,False
488,Yabrūd,SY,162627,North,63.61,33.97,36.66,63,6,66.99,6.91,False
489,Praia da Vitória,PT,3372760,North,59.0,38.73,-27.07,77,75,59.0,14.92,False
490,Lake Shasta,US,5571109,North,65.16,40.68,-122.37,43,0,69.01,1.01,False
491,Omboué,GA,2396853,South,78.06,-1.57,9.26,88,91,78.06,3.94,False
492,Keti Bandar,PK,1174451,North,90.86,24.14,67.45,56,37,90.86,15.61,False
493,Mount Gambier,AU,2156643,South,62.6,-37.83,140.77,67,40,62.6,17.22,False
494,Oranjestad,AW,3577154,North,82.4,12.52,-70.03,78,40,82.4,19.46,False
495,Rumoi,JP,2128382,North,55.62,43.93,141.64,51,47,55.62,16.67,False
496,Hamilton,US,4513583,North,54.54,39.18,-84.53,71,90,55.99,9.17,False
497,Fukuechō,JP,1863997,North,71.6,32.69,128.84,60,40,71.6,13.87,False
498,Ligayan,PH,1706466,North,85.96,4.65,119.47,67,58,85.96,4.61,False
499,Hayvoron,UA,708898,North,48.38,48.34,29.87,72,11,48.38,15.21,False
500,Kapoeta,SS,372884,North,80.78,4.77,33.59,62,93,80.78,16.84,False
501,Carutapera,BR,3402648,South,76.35,-1.2,-46.02,93,84,76.35,2.46,False
502,Mudanjiang,CN,2035715,North,62.19,44.58,129.6,58,100,62.19,9.48,False
503,Buala,SB,2109528,South,83.8,-8.14,159.59,74,72,83.8,4.72,False
504,Hatillo,PR,4565346,North,72.7,18.49,-66.83,82,82,75.0,4.52,False
505,Jhang,PK,1162738,North,89.29,33.67,72.7,31,48,89.6,6.93,False
506,Roald,NO,3141667,North,44.1,62.58,6.13,75,75,46.0,16.11,False
507,La Rochelle,FR,3006787,North,62.6,46.17,-1.15,77,98,62.6,10.29,False
508,Pyrzyce,PL,3087630,North,48.34,53.15,14.89,87,79,50.0,3.36,False
509,Onega,RU,515246,North,42.91,63.91,38.14,69,58,42.91,6.15,False
510,Kirchzarten,DE,2890328,North,54.81,47.97,7.95,66,95,57.0,1.95,False
511,Mamburao,PH,1702265,North,88.39,13.25,120.67,63,91,88.39,7.58,False
512,Muravlenko,RU,1540711,North,62.85,63.79,74.52,56,99,62.85,19.04,False
513,Awjilah,LY,88533,North,72.39,29.11,21.29,48,0,72.39,15.68,False
514,Sæby,DK,2614172,North,48.99,57.33,10.52,85,1,48.99,4.0,False
515,Maracaçumé,BR,3395497,South,73.42,-2.04,-45.96,96,93,73.42,0.56,False
516,Dryden,CA,5942913,North,24.8,49.78,-92.75,49,75,24.8,5.82,False
517,Whitehorse,CA,6180550,North,40.68,60.72,-135.05,45,40,42.8,5.82,False
518,Ambovombe,MG,1079048,South,72.46,-25.17,46.08,69,49,72.46,9.86,False
519,Taoudenni,ML,2450173,North,95.02,22.68,-3.98,18,88,95.02,10.2,False
520,Hauterive,FR,3013748,North,58.24,46.09,3.45,63,100,60.8,3.36,False
521,San Quintín,MX,3984997,North,68.11,30.48,-115.95,64,53,68.11,3.2,False
522,Aklavik,CA,5882953,North,32.0,68.22,-135.01,98,5,32.0,6.93,False
523,Omaruru,NA,3354540,South,58.17,-21.43,15.93,40,0,58.17,6.6,False
524,Tautira,PF,4033557,South,81.16,-17.73,-149.15,74,24,82.4,3.36,False
525,Urengoy,RU,1488414,North,39.61,65.97,78.37,99,98,39.61,11.43,False
526,Aiken,US,4569073,North,48.22,33.58,-81.6,75,1,50.0,5.08,False
527,Saint-Joseph,RE,6690296,South,80.6,-21.37,55.62,74,91,80.6,6.93,False
528,Vieux-Habitants,GP,3578278,North,78.8,16.06,-61.77,78,75,78.8,8.05,False
529,Manaure,CO,3675504,North,79.79,11.78,-72.44,83,98,79.79,8.68,False
530,San Rafael,AR,3836669,South,54.81,-34.62,-68.33,44,85,54.81,9.53,False
531,Tilaran,CR,3621278,North,72.0,10.47,-84.97,88,100,72.0,21.0,False
532,Florianópolis,BR,6323121,South,59.9,-27.61,-48.5,87,56,63.0,1.12,False
533,Turukhansk,RU,1488903,North,39.74,65.82,87.98,81,93,39.74,15.61,False
534,Ulaanbaatar,MN,2028462,North,59.0,47.91,106.88,15,40,59.0,13.42,False
535,Kirtipur,NP,1283190,North,73.4,27.67,85.28,46,20,73.4,4.7,False
536,Baringo,KE,200575,North,75.96,0.47,35.97,63,67,75.96,8.34,False
537,Joshīmath,IN,1268814,North,66.02,30.57,79.57,28,0,66.02,5.01,False
538,Nantucket,US,4944903,North,51.26,41.28,-70.1,71,90,52.0,20.8,False
539,Aktobe,KZ,610611,North,73.4,50.28,57.21,20,0,73.4,15.66,False
540,Port Augusta,AU,2063056,South,68.13,-32.5,137.77,35,10,71.6,14.99,False
541,Opuwo,NA,3354077,South,58.86,-18.06,13.84,37,0,58.86,9.95,False
542,Bushehr,IR,139817,North,80.6,28.97,50.84,36,0,80.6,9.17,False
543,Izhma,RU,554830,North,46.29,65.01,53.91,91,100,46.29,4.97,False
544,Nhulunbuy,AU,2064735,South,84.2,-12.23,136.77,58,40,84.2,11.41,False
545,Maryville,US,4639848,North,48.29,35.76,-83.97,66,75,50.0,3.36,False
546,Celestún,MX,3531368,North,77.65,20.87,-90.4,77,60,77.65,14.76,False
547,Russell,US,4047434,North,49.55,32.35,-85.2,93,20,53.6,2.73,False
548,Asău,RO,686090,North,53.01,46.43,26.4,58,15,53.01,6.6,False
549,Marquette,US,5000950,North,27.99,46.53,-87.63,88,74,28.99,9.24,False
550,Port Blair,IN,1259385,North,88.86,11.67,92.75,67,100,88.86,7.16,False
551,Batemans Bay,AU,2176639,South,75.0,-35.72,150.18,42,0,75.0,8.5,True
552,Tuatapere,NZ,2180815,South,49.71,-46.13,167.68,89,95,49.71,1.97,False
553,Santiago,CL,3871336,South,53.6,-33.46,-70.65,62,83,53.6,1.12,False
554,Nishihara,JP,1855342,North,75.63,26.18,127.76,78,90,77.0,19.46,False
555,Virginia Beach,US,4791259,North,51.4,36.85,-75.98,57,1,53.01,9.17,False
556,San Policarpo,PH,1688696,North,84.92,12.18,125.51,69,59,84.92,7.94,False
557,Gamba,GA,2400547,South,77.58,-2.65,10.0,89,45,77.58,3.62,False
558,Keokuk,US,4863349,North,50.31,40.4,-91.38,100,90,51.01,5.82,False
559,Departamento de Maldonado,UY,3441890,South,45.55,-34.67,-54.92,93,1,48.0,2.24,False
560,Yangi Marg`ilon,UZ,1513491,North,80.6,40.43,71.72,30,98,80.6,4.7,False
561,Fartura,BR,3463604,South,50.86,-23.39,-49.51,85,3,50.86,6.35,False
562,Kazachinskoye,RU,1504075,North,52.12,57.7,93.28,50,24,52.12,8.16,False
563,Kosa,RU,544318,North,58.82,59.94,55.0,76,100,58.82,5.99,False
564,Bud,US,4255151,North,53.28,39.45,-86.18,81,70,55.99,7.07,False
565,Moose Factory,CA,6078372,North,19.4,51.26,-80.61,85,90,19.4,12.75,False
566,Marzuq,YE,72181,North,80.82,14.4,46.47,31,6,80.82,2.17,False
567,Kamaishi,JP,2112444,North,71.6,39.27,141.88,18,20,71.6,9.17,False
568,Bella Vista,US,4101114,North,55.78,36.43,-94.23,87,1,57.0,11.41,False
569,Cocobeach,GA,2401357,North,78.8,1.0,9.58,94,20,78.8,3.36,False
570,Valsād,IN,1253468,North,91.4,20.63,72.93,63,20,91.4,5.82,False
